{
	"partitions" : [
		{
			"name" : "Top",
			"pins" : [
				{
					"name" : "BCD_digit_1[0]",
					"strict" : false
				},
				{
					"name" : "BCD_digit_1[1]",
					"strict" : false
				},
				{
					"name" : "BCD_digit_1[2]",
					"strict" : false
				},
				{
					"name" : "BCD_digit_1[3]",
					"strict" : false
				},
				{
					"name" : "BCD_digit_2[0]",
					"strict" : false
				},
				{
					"name" : "BCD_digit_2[1]",
					"strict" : false
				},
				{
					"name" : "BCD_digit_2[2]",
					"strict" : false
				},
				{
					"name" : "BCD_digit_2[3]",
					"strict" : false
				},
				{
					"name" : "BCD_digit_3[0]",
					"strict" : false
				},
				{
					"name" : "BCD_digit_3[1]",
					"strict" : false
				},
				{
					"name" : "BCD_digit_3[2]",
					"strict" : false
				},
				{
					"name" : "BCD_digit_3[3]",
					"strict" : false
				},
				{
					"name" : "BCD_digit_R1[0]",
					"strict" : false
				},
				{
					"name" : "BCD_digit_R1[1]",
					"strict" : false
				},
				{
					"name" : "BCD_digit_R1[2]",
					"strict" : false
				},
				{
					"name" : "BCD_digit_R1[3]",
					"strict" : false
				},
				{
					"name" : "BCD_digit_R2[0]",
					"strict" : false
				},
				{
					"name" : "BCD_digit_R2[1]",
					"strict" : false
				},
				{
					"name" : "BCD_digit_R2[2]",
					"strict" : false
				},
				{
					"name" : "BCD_digit_R2[3]",
					"strict" : false
				},
				{
					"name" : "BCD_digit_R3[0]",
					"strict" : false
				},
				{
					"name" : "BCD_digit_R3[1]",
					"strict" : false
				},
				{
					"name" : "clk_i",
					"strict" : false
				},
				{
					"name" : "Done_addsub",
					"strict" : false
				},
				{
					"name" : "Done_mul",
					"strict" : false
				},
				{
					"name" : "Done_div",
					"strict" : false
				},
				{
					"name" : "rst_i",
					"strict" : false
				},
				{
					"name" : "result_addsub[0]",
					"strict" : false
				},
				{
					"name" : "Operation[1]",
					"strict" : false
				},
				{
					"name" : "result_mul[0]",
					"strict" : false
				},
				{
					"name" : "Operation[0]",
					"strict" : false
				},
				{
					"name" : "result_div[0]",
					"strict" : false
				},
				{
					"name" : "result_addsub[1]",
					"strict" : false
				},
				{
					"name" : "result_mul[1]",
					"strict" : false
				},
				{
					"name" : "result_div[1]",
					"strict" : false
				},
				{
					"name" : "result_addsub[2]",
					"strict" : false
				},
				{
					"name" : "result_mul[2]",
					"strict" : false
				},
				{
					"name" : "result_div[2]",
					"strict" : false
				},
				{
					"name" : "result_addsub[3]",
					"strict" : false
				},
				{
					"name" : "result_mul[3]",
					"strict" : false
				},
				{
					"name" : "result_div[3]",
					"strict" : false
				},
				{
					"name" : "result_rem[0]",
					"strict" : false
				},
				{
					"name" : "result_rem[1]",
					"strict" : false
				},
				{
					"name" : "result_rem[2]",
					"strict" : false
				},
				{
					"name" : "result_rem[3]",
					"strict" : false
				},
				{
					"name" : "result_addsub[9]",
					"strict" : false
				},
				{
					"name" : "result_mul[9]",
					"strict" : false
				},
				{
					"name" : "result_div[9]",
					"strict" : false
				},
				{
					"name" : "result_addsub[4]",
					"strict" : false
				},
				{
					"name" : "result_mul[4]",
					"strict" : false
				},
				{
					"name" : "result_div[4]",
					"strict" : false
				},
				{
					"name" : "result_addsub[5]",
					"strict" : false
				},
				{
					"name" : "result_mul[5]",
					"strict" : false
				},
				{
					"name" : "result_div[5]",
					"strict" : false
				},
				{
					"name" : "result_addsub[6]",
					"strict" : false
				},
				{
					"name" : "result_mul[6]",
					"strict" : false
				},
				{
					"name" : "result_div[6]",
					"strict" : false
				},
				{
					"name" : "result_addsub[7]",
					"strict" : false
				},
				{
					"name" : "result_mul[7]",
					"strict" : false
				},
				{
					"name" : "result_div[7]",
					"strict" : false
				},
				{
					"name" : "result_addsub[8]",
					"strict" : false
				},
				{
					"name" : "result_mul[8]",
					"strict" : false
				},
				{
					"name" : "result_div[8]",
					"strict" : false
				},
				{
					"name" : "result_rem[7]",
					"strict" : false
				},
				{
					"name" : "result_rem[4]",
					"strict" : false
				},
				{
					"name" : "result_rem[5]",
					"strict" : false
				},
				{
					"name" : "result_rem[6]",
					"strict" : false
				}
			]
		}
	]
}