{
	"partitions" : [
		{
			"name" : "Top",
			"pins" : [
				{
					"name" : "seven_seg_digit_1[0]",
					"strict" : false
				},
				{
					"name" : "seven_seg_digit_1[1]",
					"strict" : false
				},
				{
					"name" : "seven_seg_digit_1[2]",
					"strict" : false
				},
				{
					"name" : "seven_seg_digit_1[3]",
					"strict" : false
				},
				{
					"name" : "seven_seg_digit_1[4]",
					"strict" : false
				},
				{
					"name" : "seven_seg_digit_1[5]",
					"strict" : false
				},
				{
					"name" : "seven_seg_digit_1[6]",
					"strict" : false
				},
				{
					"name" : "seven_seg_digit_2[0]",
					"strict" : false
				},
				{
					"name" : "seven_seg_digit_2[1]",
					"strict" : false
				},
				{
					"name" : "seven_seg_digit_2[2]",
					"strict" : false
				},
				{
					"name" : "seven_seg_digit_2[3]",
					"strict" : false
				},
				{
					"name" : "seven_seg_digit_2[4]",
					"strict" : false
				},
				{
					"name" : "seven_seg_digit_2[5]",
					"strict" : false
				},
				{
					"name" : "seven_seg_digit_2[6]",
					"strict" : false
				},
				{
					"name" : "seven_seg_digit_3[0]",
					"strict" : false
				},
				{
					"name" : "seven_seg_digit_3[1]",
					"strict" : false
				},
				{
					"name" : "seven_seg_digit_3[2]",
					"strict" : false
				},
				{
					"name" : "seven_seg_digit_3[3]",
					"strict" : false
				},
				{
					"name" : "seven_seg_digit_3[4]",
					"strict" : false
				},
				{
					"name" : "seven_seg_digit_3[5]",
					"strict" : false
				},
				{
					"name" : "seven_seg_digit_3[6]",
					"strict" : false
				},
				{
					"name" : "seven_seg_digit_R1[0]",
					"strict" : false
				},
				{
					"name" : "seven_seg_digit_R1[1]",
					"strict" : false
				},
				{
					"name" : "seven_seg_digit_R1[2]",
					"strict" : false
				},
				{
					"name" : "seven_seg_digit_R1[3]",
					"strict" : false
				},
				{
					"name" : "seven_seg_digit_R1[4]",
					"strict" : false
				},
				{
					"name" : "seven_seg_digit_R1[5]",
					"strict" : false
				},
				{
					"name" : "seven_seg_digit_R1[6]",
					"strict" : false
				},
				{
					"name" : "seven_seg_digit_R2[0]",
					"strict" : false
				},
				{
					"name" : "seven_seg_digit_R2[1]",
					"strict" : false
				},
				{
					"name" : "seven_seg_digit_R2[2]",
					"strict" : false
				},
				{
					"name" : "seven_seg_digit_R2[3]",
					"strict" : false
				},
				{
					"name" : "seven_seg_digit_R2[4]",
					"strict" : false
				},
				{
					"name" : "seven_seg_digit_R2[5]",
					"strict" : false
				},
				{
					"name" : "seven_seg_digit_R2[6]",
					"strict" : false
				},
				{
					"name" : "seven_seg_digit_R3[0]",
					"strict" : false
				},
				{
					"name" : "seven_seg_digit_R3[2]",
					"strict" : false
				},
				{
					"name" : "seven_seg_digit_R3[3]",
					"strict" : false
				},
				{
					"name" : "seven_seg_digit_R3[4]",
					"strict" : false
				},
				{
					"name" : "seven_seg_digit_R3[5]",
					"strict" : false
				},
				{
					"name" : "seven_seg_digit_R3[6]",
					"strict" : false
				},
				{
					"name" : "clock",
					"strict" : false
				},
				{
					"name" : "reset",
					"strict" : false
				},
				{
					"name" : "Done_addsub",
					"strict" : false
				},
				{
					"name" : "Done_mul",
					"strict" : false
				},
				{
					"name" : "Done_div",
					"strict" : false
				},
				{
					"name" : "result_addsub_conv[0]",
					"strict" : false
				},
				{
					"name" : "Operation[1]",
					"strict" : false
				},
				{
					"name" : "result_mul_conv[0]",
					"strict" : false
				},
				{
					"name" : "Operation[0]",
					"strict" : false
				},
				{
					"name" : "result_div_conv[0]",
					"strict" : false
				},
				{
					"name" : "result_addsub_conv[1]",
					"strict" : false
				},
				{
					"name" : "result_mul_conv[1]",
					"strict" : false
				},
				{
					"name" : "result_div_conv[1]",
					"strict" : false
				},
				{
					"name" : "result_addsub_conv[2]",
					"strict" : false
				},
				{
					"name" : "result_mul_conv[2]",
					"strict" : false
				},
				{
					"name" : "result_div_conv[2]",
					"strict" : false
				},
				{
					"name" : "result_addsub_conv[3]",
					"strict" : false
				},
				{
					"name" : "result_mul_conv[3]",
					"strict" : false
				},
				{
					"name" : "result_div_conv[3]",
					"strict" : false
				},
				{
					"name" : "result_rem_conv[0]",
					"strict" : false
				},
				{
					"name" : "result_rem_conv[1]",
					"strict" : false
				},
				{
					"name" : "result_rem_conv[2]",
					"strict" : false
				},
				{
					"name" : "result_rem_conv[3]",
					"strict" : false
				},
				{
					"name" : "result_addsub_conv[9]",
					"strict" : false
				},
				{
					"name" : "result_mul_conv[9]",
					"strict" : false
				},
				{
					"name" : "result_div_conv[9]",
					"strict" : false
				},
				{
					"name" : "result_addsub_conv[4]",
					"strict" : false
				},
				{
					"name" : "result_mul_conv[4]",
					"strict" : false
				},
				{
					"name" : "result_div_conv[4]",
					"strict" : false
				},
				{
					"name" : "result_addsub_conv[5]",
					"strict" : false
				},
				{
					"name" : "result_mul_conv[5]",
					"strict" : false
				},
				{
					"name" : "result_div_conv[5]",
					"strict" : false
				},
				{
					"name" : "result_addsub_conv[6]",
					"strict" : false
				},
				{
					"name" : "result_mul_conv[6]",
					"strict" : false
				},
				{
					"name" : "result_div_conv[6]",
					"strict" : false
				},
				{
					"name" : "result_addsub_conv[7]",
					"strict" : false
				},
				{
					"name" : "result_mul_conv[7]",
					"strict" : false
				},
				{
					"name" : "result_div_conv[7]",
					"strict" : false
				},
				{
					"name" : "result_addsub_conv[8]",
					"strict" : false
				},
				{
					"name" : "result_mul_conv[8]",
					"strict" : false
				},
				{
					"name" : "result_div_conv[8]",
					"strict" : false
				},
				{
					"name" : "result_rem_conv[7]",
					"strict" : false
				},
				{
					"name" : "result_rem_conv[4]",
					"strict" : false
				},
				{
					"name" : "result_rem_conv[5]",
					"strict" : false
				},
				{
					"name" : "result_rem_conv[6]",
					"strict" : false
				}
			]
		}
	]
}