{
	"partitions" : [
		{
			"name" : "Top",
			"pins" : [
				{
					"name" : "seven_seg[0]",
					"strict" : false
				},
				{
					"name" : "seven_seg[1]",
					"strict" : false
				},
				{
					"name" : "seven_seg[2]",
					"strict" : false
				},
				{
					"name" : "seven_seg[3]",
					"strict" : false
				},
				{
					"name" : "seven_seg[4]",
					"strict" : false
				},
				{
					"name" : "seven_seg[5]",
					"strict" : false
				},
				{
					"name" : "seven_seg[6]",
					"strict" : false
				},
				{
					"name" : "BCD_i[0]",
					"strict" : false
				},
				{
					"name" : "BCD_i[1]",
					"strict" : false
				},
				{
					"name" : "BCD_i[2]",
					"strict" : false
				},
				{
					"name" : "BCD_i[3]",
					"strict" : false
				},
				{
					"name" : "clk_i",
					"strict" : false
				},
				{
					"name" : "AllDone",
					"strict" : false
				}
			]
		}
	]
}