{
	"partitions" : [
		{
			"name" : "Top",
			"pins" : [
				{
					"name" : "Start_addsubout",
					"strict" : false
				},
				{
					"name" : "Start_mulout",
					"strict" : false
				},
				{
					"name" : "Start_divout",
					"strict" : false
				},
				{
					"name" : "Done_addsubout",
					"strict" : false
				},
				{
					"name" : "Done_mulout",
					"strict" : false
				},
				{
					"name" : "Done_divout",
					"strict" : false
				},
				{
					"name" : "M_out",
					"strict" : false
				},
				{
					"name" : "seven_seg_digit_1[0]",
					"strict" : false
				},
				{
					"name" : "seven_seg_digit_1[1]",
					"strict" : false
				},
				{
					"name" : "seven_seg_digit_1[2]",
					"strict" : false
				},
				{
					"name" : "seven_seg_digit_1[3]",
					"strict" : false
				},
				{
					"name" : "seven_seg_digit_1[4]",
					"strict" : false
				},
				{
					"name" : "seven_seg_digit_1[5]",
					"strict" : false
				},
				{
					"name" : "seven_seg_digit_1[6]",
					"strict" : false
				},
				{
					"name" : "seven_seg_digit_2[0]",
					"strict" : false
				},
				{
					"name" : "seven_seg_digit_2[1]",
					"strict" : false
				},
				{
					"name" : "seven_seg_digit_2[2]",
					"strict" : false
				},
				{
					"name" : "seven_seg_digit_2[3]",
					"strict" : false
				},
				{
					"name" : "seven_seg_digit_2[4]",
					"strict" : false
				},
				{
					"name" : "seven_seg_digit_2[5]",
					"strict" : false
				},
				{
					"name" : "seven_seg_digit_2[6]",
					"strict" : false
				},
				{
					"name" : "seven_seg_digit_3[0]",
					"strict" : false
				},
				{
					"name" : "seven_seg_digit_3[1]",
					"strict" : false
				},
				{
					"name" : "seven_seg_digit_3[2]",
					"strict" : false
				},
				{
					"name" : "seven_seg_digit_3[3]",
					"strict" : false
				},
				{
					"name" : "seven_seg_digit_3[4]",
					"strict" : false
				},
				{
					"name" : "seven_seg_digit_3[5]",
					"strict" : false
				},
				{
					"name" : "seven_seg_digit_3[6]",
					"strict" : false
				},
				{
					"name" : "seven_seg_digit_R1[0]",
					"strict" : false
				},
				{
					"name" : "seven_seg_digit_R1[1]",
					"strict" : false
				},
				{
					"name" : "seven_seg_digit_R1[2]",
					"strict" : false
				},
				{
					"name" : "seven_seg_digit_R1[3]",
					"strict" : false
				},
				{
					"name" : "seven_seg_digit_R1[4]",
					"strict" : false
				},
				{
					"name" : "seven_seg_digit_R1[5]",
					"strict" : false
				},
				{
					"name" : "seven_seg_digit_R1[6]",
					"strict" : false
				},
				{
					"name" : "seven_seg_digit_R2[0]",
					"strict" : false
				},
				{
					"name" : "seven_seg_digit_R2[1]",
					"strict" : false
				},
				{
					"name" : "seven_seg_digit_R2[2]",
					"strict" : false
				},
				{
					"name" : "seven_seg_digit_R2[3]",
					"strict" : false
				},
				{
					"name" : "seven_seg_digit_R2[4]",
					"strict" : false
				},
				{
					"name" : "seven_seg_digit_R2[5]",
					"strict" : false
				},
				{
					"name" : "seven_seg_digit_R2[6]",
					"strict" : false
				},
				{
					"name" : "seven_seg_digit_R3[0]",
					"strict" : false
				},
				{
					"name" : "seven_seg_digit_R3[2]",
					"strict" : false
				},
				{
					"name" : "seven_seg_digit_R3[3]",
					"strict" : false
				},
				{
					"name" : "seven_seg_digit_R3[4]",
					"strict" : false
				},
				{
					"name" : "seven_seg_digit_R3[5]",
					"strict" : false
				},
				{
					"name" : "seven_seg_digit_R3[6]",
					"strict" : false
				},
				{
					"name" : "r_addsub[0]",
					"strict" : false
				},
				{
					"name" : "r_addsub[1]",
					"strict" : false
				},
				{
					"name" : "r_addsub[2]",
					"strict" : false
				},
				{
					"name" : "r_addsub[3]",
					"strict" : false
				},
				{
					"name" : "r_rem[0]",
					"strict" : false
				},
				{
					"name" : "r_rem[1]",
					"strict" : false
				},
				{
					"name" : "r_rem[2]",
					"strict" : false
				},
				{
					"name" : "r_rem[3]",
					"strict" : false
				},
				{
					"name" : "r_rem[4]",
					"strict" : false
				},
				{
					"name" : "r_rem[5]",
					"strict" : false
				},
				{
					"name" : "r_rem[6]",
					"strict" : false
				},
				{
					"name" : "r_mul[0]",
					"strict" : false
				},
				{
					"name" : "r_mul[1]",
					"strict" : false
				},
				{
					"name" : "r_mul[2]",
					"strict" : false
				},
				{
					"name" : "r_mul[3]",
					"strict" : false
				},
				{
					"name" : "r_mul[4]",
					"strict" : false
				},
				{
					"name" : "r_mul[5]",
					"strict" : false
				},
				{
					"name" : "r_mul[6]",
					"strict" : false
				},
				{
					"name" : "r_mul[7]",
					"strict" : false
				},
				{
					"name" : "r_div[0]",
					"strict" : false
				},
				{
					"name" : "r_div[1]",
					"strict" : false
				},
				{
					"name" : "r_div[2]",
					"strict" : false
				},
				{
					"name" : "r_div[3]",
					"strict" : false
				},
				{
					"name" : "Start",
					"strict" : false
				},
				{
					"name" : "Operation[1]",
					"strict" : false
				},
				{
					"name" : "clock",
					"strict" : false
				},
				{
					"name" : "reset",
					"strict" : false
				},
				{
					"name" : "Operation[0]",
					"strict" : false
				},
				{
					"name" : "A[0]",
					"strict" : false
				},
				{
					"name" : "A[1]",
					"strict" : false
				},
				{
					"name" : "A[2]",
					"strict" : false
				},
				{
					"name" : "A[3]",
					"strict" : false
				},
				{
					"name" : "B[0]",
					"strict" : false
				},
				{
					"name" : "B[1]",
					"strict" : false
				},
				{
					"name" : "B[2]",
					"strict" : false
				},
				{
					"name" : "B[3]",
					"strict" : false
				}
			]
		}
	]
}