{
	"partitions" : [
		{
			"name" : "Top",
			"pins" : [
				{
					"name" : "start_addsub",
					"strict" : false
				},
				{
					"name" : "start_mul",
					"strict" : false
				},
				{
					"name" : "start_div",
					"strict" : false
				},
				{
					"name" : "M",
					"strict" : false
				},
				{
					"name" : "START",
					"strict" : false
				},
				{
					"name" : "Operation[1]",
					"strict" : false
				},
				{
					"name" : "CLK",
					"strict" : false
				},
				{
					"name" : "RST_N",
					"strict" : false
				},
				{
					"name" : "Operation[0]",
					"strict" : false
				}
			]
		}
	]
}